site,latitude,longitude,survey
ABALONE_POINT_1,39.6915,-123.8141,pisco
ABALONE_POINT_2,39.66502,-123.80435,pisco
ABALONE_POINT_3,39.62877,-123.79658,pisco
ANDREW_MOLERA_DC,36.276089,-121.873038,pisco
ANDREW_MOLERA_UC,36.277685,-121.875988,pisco
BIG_CREEK_DC,36.069079,-121.605115,pisco
BIG_CREEK_UC,36.069152,-121.60804,pisco
BIXBY,36.368468,-121.907499,pisco
BLUEFISH_DC,36.52381268,-121.945094,pisco
BLUEFISH_UC,36.522225,-121.943542,pisco
BUCHON,35.244079,-120.901098,pisco
BUTTERFLY_DC,36.537439,-121.93567,pisco
BUTTERFLY_UC,36.539655,-121.936297,pisco
CAMBRIA_DC,35.567893,-121.124319,pisco
CAMBRIA_UC,35.570495,-121.127145,pisco
CANNERY_UC,36.612639,-121.894574,pisco
CASPAR_1,39.37403,-123.82683,pisco
CASPAR_2,39.36445,-123.82388,pisco
CASPAR_3,39.35937,-123.82807,pisco
CAYUCOS_DC,35.434393,-120.947256,pisco
CAYUCOS_UC,35.43415,-120.950473,pisco
COJO_E,34.441287,-120.416793,pisco
COOPER,36.263146,-121.856608,pisco
CROWBAR,35.226163,-120.881427,pisco
CYPRESS_PT_DC,36.579645,-121.982468,pisco
DEL_MAR_REFERENCE_2,38.71557,-123.4698,pisco
DEL_MAR_REFERENCE_3,38.70378,-123.4564,pisco
ESALEN_DC,36.124409,-121.647987,pisco
ESALEN_UC,36.128113,-121.653046,pisco
ESTERO,35.472387,-121.029631,pisco
FALSE_SUR,36.277556,-121.886822,pisco
GREEN_PEAK,35.190104,-120.830687,pisco
HARMONY,35.49641,-121.057808,pisco
HOPKINS_DC,36.623586,-121.904196,pisco
HOPKINS_UC,36.621649,-121.900789,pisco
LA_CRUZ_DC,35.710426,-121.324076,pisco
LA_CRUZ_UC,35.713009,-121.325389,pisco
LITTLE_IRISH_CEN,35.178059,-120.817733,pisco
LITTLE_IRISH_DC,35.175931,-120.812501,pisco
LITTLE_IRISH_UC,35.18421,-120.825084,pisco
LONE_TREE,36.566418,-121.970688,pisco
LOPEZ_DC,36.022241,-121.581233,pisco
LOPEZ_UC,36.02901,-121.581676,pisco
MACABEE_DC,36.618184,-121.896835,pisco
MACABEE_UC,36.617148,-121.895695,pisco
MALPASO,36.465747,-121.933984,pisco
MILL_CREEK_DC,35.972098,-121.491162,pisco
MILL_CREEK_UC,35.975929,-121.493489,pisco
MONASTERY_DC,36.525415,-121.933322,pisco
MONASTERY_UC,36.525267,-121.930507,pisco
MONTANA_DE_ORO,35.23323,-120.89081,pisco
OTTER_PT_DC,36.636484,-121.921162,pisco
OTTER_PT_UC,36.634633,-121.918929,pisco
PALO_COLORADO,36.397717,-121.911431,pisco
PESCADERO_DC,36.559412,-121.955191,pisco
PESCADERO_UC,36.561121,-121.959761,pisco
PINOS,36.640454,-121.928734,pisco
PLASKETT_DC,35.912913,-121.480079,pisco
PLASKETT_UC,35.915871,-121.478733,pisco
POINT_ARENA_REFERENCE_3,38.88297,-123.69522,pisco
POINT_ARENA_REFERENCE_3,38.88296,-123.69521,pisco
POINT_ARENA_REFERENCE_4,38.87487,-123.68838,pisco
POINT_CABRILLO_2,39.35083,-123.82935,pisco
POINT_CABRILLO_3,39.34447,-123.82563,pisco
PURISIMA_N,34.729501,-120.631705,pisco
SANDHILL_DC,36.97293,-122.149429,pisco
SANDHILL_UC,36.974306,-122.152109,pisco
SAN_SIMEON_DC,35.631667,-121.190248,pisco
SAN_SIMEON_UC,35.630567,-121.19494,pisco
SAUNDERS_MPA_1,38.85587,-123.66842,pisco
SAUNDERS_MPA_2,38.85035,-123.66662,pisco
SAUNDERS_MPA_3,38.84695,-123.66128,pisco
SAUNDERS_MPA_4,38.83573,-123.64898,pisco
SAUNDERS_REFERENCE_1,38.82227,-123.62233,pisco
SAUNDERS_REFERENCE_1,38.82226,-123.62233,pisco
SAUNDERS_REFERENCE_2,38.80408,-123.5981,pisco
SIREN,36.630733,-121.91859,pisco
SOBERANES,36.445343,-121.929144,pisco
SOUTH_WRECK_DC,36.223864,-121.787408,pisco
SOUTH_WRECK_UC,36.225295,-121.790545,pisco
STEWARTS_POINT_MPA_1,38.6668,-123.42064,pisco
STEWARTS_POINT_MPA_2,38.65073,-123.40953,pisco
STEWARTS_POINT_MPA_3,38.61415,-123.37745,pisco
STEWARTS_POINT_MPA_4,38.59765,-123.36371,pisco
STILLWATER_DC,36.559729,-121.944014,pisco
STILLWATER_UC,36.560116,-121.94732,pisco
TENERA,35.238631,-120.895481,pisco
TEN_MILE_1,39.59057,-123.7899,pisco
TEN_MILE_2,39.58253,-123.78743,pisco
TEN_MILE_3,39.57333,-123.78268,pisco
TERRACE_DC,36.944871,-122.064289,pisco
WESTON_DC,36.510347,-121.945786,pisco
WESTON_UC,36.512613,-121.948765,pisco
WHITE_ROCK_DC,35.525649,-121.084627,pisco
WHITE_ROCK_UC,35.5271,-121.089899,pisco
Caspar North,39.364647,-123.822133,reef_check
Caspar South,39.361729,-123.822449,reef_check
Fort Ross,38.510601,-123.245064,reef_check
Gerstle Cove,38.56646,-123.329964,reef_check
Mendocino Headlands,39.305283,-123.811218,reef_check
Ocean Cove,38.555119,-123.305664,reef_check
Pebble Beach,38.698219,-123.443249,reef_check
Point Arena MPA,38.946169,-123.73895,reef_check
Point Arena Ref,38.908001,-123.719101,reef_check
Portuguese Beach,39.302264,-123.803283,reef_check
Stillwater Sonoma,38.5459,-123.29991,reef_check
Trinidad,41.05424,-124.14468,reef_check
Van Damme,39.271915,-123.795914,reef_check
Big Creek,36.068272,-121.601619,reef_check
